[
    {
        "layout_dets": [
            {
                "category_id": 0,
                "poly": [
                    150.2407684326172,
                    294.6925048828125,
                    353.1170654296875,
                    294.6925048828125,
                    353.1170654296875,
                    340.04632568359375,
                    150.2407684326172,
                    340.04632568359375
                ],
                "score": 0.9999975562095642
            },
            {
                "category_id": 1,
                "poly": [
                    148.75123596191406,
                    552.906005859375,
                    1533.2850341796875,
                    552.906005859375,
                    1533.2850341796875,
                    711.0750732421875,
                    148.75123596191406,
                    711.0750732421875
                ],
                "score": 0.9999935030937195
            },
            {
                "category_id": 1,
                "poly": [
                    183.10699462890625,
                    1290.5980224609375,
                    1478.091064453125,
                    1290.5980224609375,
                    1478.091064453125,
                    1630.0484619140625,
                    183.10699462890625,
                    1630.0484619140625
                ],
                "score": 0.9999925494194031
            },
            {
                "category_id": 1,
                "poly": [
                    148.48638916015625,
                    369.7966613769531,
                    1535.0611572265625,
                    369.7966613769531,
                    1535.0611572265625,
                    526.7268676757812,
                    148.48638916015625,
                    526.7268676757812
                ],
                "score": 0.9999920725822449
            },
            {
                "category_id": 0,
                "poly": [
                    148.26852416992188,
                    1231.0892333984375,
                    295.15875244140625,
                    1231.0892333984375,
                    295.15875244140625,
                    1267.43359375,
                    148.26852416992188,
                    1267.43359375
                ],
                "score": 0.999980628490448
            },
            {
                "category_id": 3,
                "poly": [
                    179.01516723632812,
                    745.4625244140625,
                    1260.222900390625,
                    745.4625244140625,
                    1260.222900390625,
                    1186.667236328125,
                    179.01516723632812,
                    1186.667236328125
                ],
                "score": 0.9999753832817078
            },
            {
                "category_id": 1,
                "poly": [
                    145.782470703125,
                    1667.8790283203125,
                    1549.5616455078125,
                    1667.8790283203125,
                    1549.5616455078125,
                    1856.245849609375,
                    145.782470703125,
                    1856.245849609375
                ],
                "score": 0.9999673366546631
            },
            {
                "category_id": 2,
                "poly": [
                    148.37818908691406,
                    2041.5400390625,
                    810.1380615234375,
                    2041.5400390625,
                    810.1380615234375,
                    2074.959228515625,
                    148.37818908691406,
                    2074.959228515625
                ],
                "score": 0.9999002814292908
            },
            {
                "category_id": 2,
                "poly": [
                    80.1046142578125,
                    92.22006225585938,
                    1616.078857421875,
                    92.22006225585938,
                    1616.078857421875,
                    183.4143829345703,
                    80.1046142578125,
                    183.4143829345703
                ],
                "score": 0.9992946982383728
            },
            {
                "category_id": 2,
                "poly": [
                    1398.1798095703125,
                    2010.283935546875,
                    1615.7109375,
                    2010.283935546875,
                    1615.7109375,
                    2088.887451171875,
                    1398.1798095703125,
                    2088.887451171875
                ],
                "score": 0.7288886308670044
            },
            {
                "category_id": 1,
                "poly": [
                    149.5333251953125,
                    1858.565673828125,
                    686.3045043945312,
                    1858.565673828125,
                    686.3045043945312,
                    1892.852783203125,
                    149.5333251953125,
                    1892.852783203125
                ],
                "score": 0.5743023157119751
            },
            {
                "category_id": 2,
                "poly": [
                    149.1696014404297,
                    1858.1917724609375,
                    685.9197387695312,
                    1858.1917724609375,
                    685.9197387695312,
                    1892.9908447265625,
                    149.1696014404297,
                    1892.9908447265625
                ],
                "score": 0.551662266254425
            },
            {
                "category_id": 13,
                "poly": [
                    1226,
                    1338,
                    1296,
                    1338,
                    1296,
                    1369,
                    1226,
                    1369
                ],
                "score": 0.54,
                "latex": "\\mathsf{\\Gamma}\\mathsf{B}\\mathsf{M}^{\\oplus}"
            }
        ],
        "page_info": {
            "page_no": 0,
            "height": 2200,
            "width": 1700
        }
    },
    {
        "layout_dets": [
            {
                "category_id": 0,
                "poly": [
                    149.2296600341797,
                    271.4700012207031,
                    438.5872497558594,
                    271.4700012207031,
                    438.5872497558594,
                    319.60894775390625,
                    149.2296600341797,
                    319.60894775390625
                ],
                "score": 0.9999958872795105
            },
            {
                "category_id": 1,
                "poly": [
                    149.08294677734375,
                    733.4837036132812,
                    1536.8740234375,
                    733.4837036132812,
                    1536.8740234375,
                    809.473388671875,
                    149.08294677734375,
                    809.473388671875
                ],
                "score": 0.9999895095825195
            },
            {
                "category_id": 1,
                "poly": [
                    150.90676879882812,
                    346.8907165527344,
                    1550.1163330078125,
                    346.8907165527344,
                    1550.1163330078125,
                    707.5988159179688,
                    150.90676879882812,
                    707.5988159179688
                ],
                "score": 0.9999879598617554
            },
            {
                "category_id": 1,
                "poly": [
                    148.32211303710938,
                    1649.2601318359375,
                    1552.93310546875,
                    1649.2601318359375,
                    1552.93310546875,
                    1809.572021484375,
                    148.32211303710938,
                    1809.572021484375
                ],
                "score": 0.9999852180480957
            },
            {
                "category_id": 2,
                "poly": [
                    148.3435516357422,
                    2041.9129638671875,
                    809.4928588867188,
                    2041.9129638671875,
                    809.4928588867188,
                    2074.64111328125,
                    148.3435516357422,
                    2074.64111328125
                ],
                "score": 0.9999659061431885
            },
            {
                "category_id": 1,
                "poly": [
                    149.57293701171875,
                    834.7283935546875,
                    1522.636962890625,
                    834.7283935546875,
                    1522.636962890625,
                    912.2035522460938,
                    149.57293701171875,
                    912.2035522460938
                ],
                "score": 0.9999622106552124
            },
            {
                "category_id": 3,
                "poly": [
                    198.7642822265625,
                    932.7963256835938,
                    1500.29736328125,
                    932.7963256835938,
                    1500.29736328125,
                    1588.873046875,
                    198.7642822265625,
                    1588.873046875
                ],
                "score": 0.9999520182609558
            },
            {
                "category_id": 2,
                "poly": [
                    80.84954833984375,
                    92.74239349365234,
                    1616.1273193359375,
                    92.74239349365234,
                    1616.1273193359375,
                    183.49679565429688,
                    80.84954833984375,
                    183.49679565429688
                ],
                "score": 0.9996687769889832
            },
            {
                "category_id": 2,
                "poly": [
                    1384.08056640625,
                    2008.4576416015625,
                    1615.7626953125,
                    2008.4576416015625,
                    1615.7626953125,
                    2087.005615234375,
                    1384.08056640625,
                    2087.005615234375
                ],
                "score": 0.9982473254203796
            },
            {
                "category_id": 13,
                "poly": [
                    1089,
                    591,
                    1160,
                    591,
                    1160,
                    622,
                    1089,
                    622
                ],
                "score": 0.76,
                "latex": "\\mathsf{\\Gamma}\\mathsf{\\Gamma}\\left|\\mathsf{B M}^{\\odot}\\right|"
            },
            {
                "category_id": 13,
                "poly": [
                    918,
                    470,
                    987,
                    470,
                    987,
                    501,
                    918,
                    501
                ],
                "score": 0.72,
                "latex": "\\mathsf{\\Gamma}\\mathsf{B}\\mathsf{M}^{\\oplus}"
            },
            {
                "category_id": 13,
                "poly": [
                    1211,
                    390,
                    1281,
                    390,
                    1281,
                    421,
                    1211,
                    421
                ],
                "score": 0.56,
                "latex": "\\mathsf{\\Gamma}|\\mathsf{B}\\mathsf{M}^{\\circleddash}"
            },
            {
                "category_id": 13,
                "poly": [
                    147,
                    469,
                    218,
                    469,
                    218,
                    501,
                    147,
                    501
                ],
                "score": 0.41,
                "latex": "\\mathsf{\\Gamma}|\\mathsf{B}\\mathsf{M}^{\\circleddash}"
            }
        ],
        "page_info": {
            "page_no": 1,
            "height": 2200,
            "width": 1700
        }
    },
    {
        "layout_dets": [
            {
                "category_id": 3,
                "poly": [
                    196.42922973632812,
                    1020.9039306640625,
                    1501.097412109375,
                    1020.9039306640625,
                    1501.097412109375,
                    1604.916748046875,
                    196.42922973632812,
                    1604.916748046875
                ],
                "score": 0.9999727010726929
            },
            {
                "category_id": 3,
                "poly": [
                    195.76861572265625,
                    264.5068664550781,
                    1501.12353515625,
                    264.5068664550781,
                    1501.12353515625,
                    899.6654663085938,
                    195.76861572265625,
                    899.6654663085938
                ],
                "score": 0.9999709129333496
            },
            {
                "category_id": 2,
                "poly": [
                    148.0067901611328,
                    2042.4803466796875,
                    809.7050170898438,
                    2042.4803466796875,
                    809.7050170898438,
                    2074.80859375,
                    148.0067901611328,
                    2074.80859375
                ],
                "score": 0.9999598264694214
            },
            {
                "category_id": 2,
                "poly": [
                    79.46954345703125,
                    91.32688903808594,
                    1616.7607421875,
                    91.32688903808594,
                    1616.7607421875,
                    185.4031524658203,
                    79.46954345703125,
                    185.4031524658203
                ],
                "score": 0.9998471140861511
            },
            {
                "category_id": 1,
                "poly": [
                    147.50494384765625,
                    1626.62158203125,
                    1552.19970703125,
                    1626.62158203125,
                    1552.19970703125,
                    1704.5001220703125,
                    147.50494384765625,
                    1704.5001220703125
                ],
                "score": 0.9811126589775085
            },
            {
                "category_id": 2,
                "poly": [
                    1387.219482421875,
                    2009.5340576171875,
                    1613.8587646484375,
                    2009.5340576171875,
                    1613.8587646484375,
                    2087.002685546875,
                    1387.219482421875,
                    2087.002685546875
                ],
                "score": 0.8927810192108154
            },
            {
                "category_id": 1,
                "poly": [
                    147.79904174804688,
                    926.0116577148438,
                    1508.350830078125,
                    926.0116577148438,
                    1508.350830078125,
                    1002.236572265625,
                    147.79904174804688,
                    1002.236572265625
                ],
                "score": 0.8286762237548828
            },
            {
                "category_id": 4,
                "poly": [
                    147.75384521484375,
                    925.923828125,
                    1508.433837890625,
                    925.923828125,
                    1508.433837890625,
                    1002.1420288085938,
                    147.75384521484375,
                    1002.1420288085938
                ],
                "score": 0.2305678427219391
            }
        ],
        "page_info": {
            "page_no": 2,
            "height": 2200,
            "width": 1700
        }
    },
    {
        "layout_dets": [
            {
                "category_id": 1,
                "poly": [
                    148.01622009277344,
                    270.2251281738281,
                    1498.399658203125,
                    270.2251281738281,
                    1498.399658203125,
                    386.67462158203125,
                    148.01622009277344,
                    386.67462158203125
                ],
                "score": 0.9999980330467224
            },
            {
                "category_id": 0,
                "poly": [
                    149.22169494628906,
                    1478.387939453125,
                    650.3298950195312,
                    1478.387939453125,
                    650.3298950195312,
                    1526.046142578125,
                    149.22169494628906,
                    1526.046142578125
                ],
                "score": 0.9999949336051941
            },
            {
                "category_id": 0,
                "poly": [
                    151.4073486328125,
                    1172.8575439453125,
                    316.87835693359375,
                    1172.8575439453125,
                    316.87835693359375,
                    1224.3177490234375,
                    151.4073486328125,
                    1224.3177490234375
                ],
                "score": 0.9999939799308777
            },
            {
                "category_id": 1,
                "poly": [
                    149.6503143310547,
                    1543.4947509765625,
                    1519.205078125,
                    1543.4947509765625,
                    1519.205078125,
                    1701.827880859375,
                    149.6503143310547,
                    1701.827880859375
                ],
                "score": 0.9999922513961792
            },
            {
                "category_id": 1,
                "poly": [
                    148.85577392578125,
                    1248.3919677734375,
                    1550.8868408203125,
                    1248.3919677734375,
                    1550.8868408203125,
                    1445.822998046875,
                    148.85577392578125,
                    1445.822998046875
                ],
                "score": 0.999987006187439
            },
            {
                "category_id": 2,
                "poly": [
                    149.44642639160156,
                    2043.4398193359375,
                    809.3944702148438,
                    2043.4398193359375,
                    809.3944702148438,
                    2073.582763671875,
                    149.44642639160156,
                    2073.582763671875
                ],
                "score": 0.9999310970306396
            },
            {
                "category_id": 3,
                "poly": [
                    194.64060974121094,
                    468.5466613769531,
                    1502.256103515625,
                    468.5466613769531,
                    1502.256103515625,
                    1066.23876953125,
                    194.64060974121094,
                    1066.23876953125
                ],
                "score": 0.999485969543457
            },
            {
                "category_id": 2,
                "poly": [
                    80.74656677246094,
                    91.16607666015625,
                    1614.3468017578125,
                    91.16607666015625,
                    1614.3468017578125,
                    185.12249755859375,
                    80.74656677246094,
                    185.12249755859375
                ],
                "score": 0.9989686012268066
            },
            {
                "category_id": 2,
                "poly": [
                    1391.1046142578125,
                    2010.0418701171875,
                    1614.46484375,
                    2010.0418701171875,
                    1614.46484375,
                    2087.5712890625,
                    1391.1046142578125,
                    2087.5712890625
                ],
                "score": 0.9533414840698242
            }
        ],
        "page_info": {
            "page_no": 3,
            "height": 2200,
            "width": 1700
        }
    },
    {
        "layout_dets": [
            {
                "category_id": 1,
                "poly": [
                    149.9870147705078,
                    269.17156982421875,
                    1550.2484130859375,
                    269.17156982421875,
                    1550.2484130859375,
                    468.82647705078125,
                    149.9870147705078,
                    468.82647705078125
                ],
                "score": 0.9999978542327881
            },
            {
                "category_id": 1,
                "poly": [
                    150.19705200195312,
                    493.142578125,
                    1553.4368896484375,
                    493.142578125,
                    1553.4368896484375,
                    692.4619140625,
                    150.19705200195312,
                    692.4619140625
                ],
                "score": 0.9999968409538269
            },
            {
                "category_id": 2,
                "poly": [
                    147.29794311523438,
                    2042.9560546875,
                    811.5216064453125,
                    2042.9560546875,
                    811.5216064453125,
                    2073.810546875,
                    147.29794311523438,
                    2073.810546875
                ],
                "score": 0.999984622001648
            },
            {
                "category_id": 3,
                "poly": [
                    331.0818176269531,
                    782.9711303710938,
                    1407.3154296875,
                    782.9711303710938,
                    1407.3154296875,
                    1504.0155029296875,
                    331.0818176269531,
                    1504.0155029296875
                ],
                "score": 0.9999513626098633
            },
            {
                "category_id": 2,
                "poly": [
                    79.17337036132812,
                    92.44328308105469,
                    1617.243896484375,
                    92.44328308105469,
                    1617.243896484375,
                    185.4251708984375,
                    79.17337036132812,
                    185.4251708984375
                ],
                "score": 0.9994732737541199
            },
            {
                "category_id": 2,
                "poly": [
                    1393.0660400390625,
                    2010.5504150390625,
                    1613.9000244140625,
                    2010.5504150390625,
                    1613.9000244140625,
                    2087.44140625,
                    1393.0660400390625,
                    2087.44140625
                ],
                "score": 0.9651291370391846
            },
            {
                "category_id": 13,
                "poly": [
                    992,
                    533,
                    1025,
                    533,
                    1025,
                    567,
                    992,
                    567
                ],
                "score": 0.83,
                "latex": "\\mathsf{R}^{2}"
            },
            {
                "category_id": 13,
                "poly": [
                    751,
                    433,
                    819,
                    433,
                    819,
                    464,
                    751,
                    464
                ],
                "score": 0.67,
                "latex": "\\mathsf{\\Gamma}|\\mathsf{B}\\mathsf{M}^{\\circleddash}"
            }
        ],
        "page_info": {
            "page_no": 4,
            "height": 2200,
            "width": 1700
        }
    },
    {
        "layout_dets": [
            {
                "category_id": 0,
                "poly": [
                    150.22056579589844,
                    268.7423400878906,
                    677.5916137695312,
                    268.7423400878906,
                    677.5916137695312,
                    316.2486877441406,
                    150.22056579589844,
                    316.2486877441406
                ],
                "score": 0.9999971389770508
            },
            {
                "category_id": 1,
                "poly": [
                    148.0985107421875,
                    339.7926940917969,
                    1515.7318115234375,
                    339.7926940917969,
                    1515.7318115234375,
                    498.01727294921875,
                    148.0985107421875,
                    498.01727294921875
                ],
                "score": 0.9999929666519165
            },
            {
                "category_id": 2,
                "poly": [
                    147.84219360351562,
                    2043.460693359375,
                    810.3810424804688,
                    2043.460693359375,
                    810.3810424804688,
                    2073.6376953125,
                    147.84219360351562,
                    2073.6376953125
                ],
                "score": 0.9998996257781982
            },
            {
                "category_id": 2,
                "poly": [
                    80.44053649902344,
                    91.55646514892578,
                    1615.82373046875,
                    91.55646514892578,
                    1615.82373046875,
                    183.38780212402344,
                    80.44053649902344,
                    183.38780212402344
                ],
                "score": 0.9997881650924683
            },
            {
                "category_id": 3,
                "poly": [
                    147.31578063964844,
                    581.1771850585938,
                    1451.4290771484375,
                    581.1771850585938,
                    1451.4290771484375,
                    1188.5867919921875,
                    147.31578063964844,
                    1188.5867919921875
                ],
                "score": 0.999576210975647
            },
            {
                "category_id": 2,
                "poly": [
                    1384.3406982421875,
                    2009.9002685546875,
                    1614.4002685546875,
                    2009.9002685546875,
                    1614.4002685546875,
                    2086.83837890625,
                    1384.3406982421875,
                    2086.83837890625
                ],
                "score": 0.9965721368789673
            }
        ],
        "page_info": {
            "page_no": 5,
            "height": 2200,
            "width": 1700
        }
    },
    {
        "layout_dets": [
            {
                "category_id": 0,
                "poly": [
                    148.40283203125,
                    268.66064453125,
                    382.88153076171875,
                    268.66064453125,
                    382.88153076171875,
                    315.4285888671875,
                    148.40283203125,
                    315.4285888671875
                ],
                "score": 0.9999992251396179
            },
            {
                "category_id": 1,
                "poly": [
                    149.46286010742188,
                    335.5133361816406,
                    1169.8836669921875,
                    335.5133361816406,
                    1169.8836669921875,
                    371.2362976074219,
                    149.46286010742188,
                    371.2362976074219
                ],
                "score": 0.9999968409538269
            },
            {
                "category_id": 1,
                "poly": [
                    146.45004272460938,
                    988.1563720703125,
                    1512.77587890625,
                    988.1563720703125,
                    1512.77587890625,
                    1186.66259765625,
                    146.45004272460938,
                    1186.66259765625
                ],
                "score": 0.9999948740005493
            },
            {
                "category_id": 1,
                "poly": [
                    147.73309326171875,
                    1211.0179443359375,
                    1554.0224609375,
                    1211.0179443359375,
                    1554.0224609375,
                    1329.7857666015625,
                    147.73309326171875,
                    1329.7857666015625
                ],
                "score": 0.9999942779541016
            },
            {
                "category_id": 1,
                "poly": [
                    147.92868041992188,
                    1599.653076171875,
                    1540.9881591796875,
                    1599.653076171875,
                    1540.9881591796875,
                    1679.20849609375,
                    147.92868041992188,
                    1679.20849609375
                ],
                "score": 0.9999909400939941
            },
            {
                "category_id": 1,
                "poly": [
                    147.52783203125,
                    1457.5137939453125,
                    1508.806884765625,
                    1457.5137939453125,
                    1508.806884765625,
                    1575.072265625,
                    147.52783203125,
                    1575.072265625
                ],
                "score": 0.9999885559082031
            },
            {
                "category_id": 1,
                "poly": [
                    186.52769470214844,
                    1759.0003662109375,
                    1446.693115234375,
                    1759.0003662109375,
                    1446.693115234375,
                    1928.43896484375,
                    186.52769470214844,
                    1928.43896484375
                ],
                "score": 0.9999837279319763
            },
            {
                "category_id": 1,
                "poly": [
                    148.72860717773438,
                    1355.45947265625,
                    1539.4061279296875,
                    1355.45947265625,
                    1539.4061279296875,
                    1431.6358642578125,
                    148.72860717773438,
                    1431.6358642578125
                ],
                "score": 0.9999780654907227
            },
            {
                "category_id": 0,
                "poly": [
                    148.8811798095703,
                    1704.96240234375,
                    333.43621826171875,
                    1704.96240234375,
                    333.43621826171875,
                    1738.230712890625,
                    148.8811798095703,
                    1738.230712890625
                ],
                "score": 0.9999610781669617
            },
            {
                "category_id": 3,
                "poly": [
                    334.861328125,
                    401.9440002441406,
                    1081.9962158203125,
                    401.9440002441406,
                    1081.9962158203125,
                    888.7600708007812,
                    334.861328125,
                    888.7600708007812
                ],
                "score": 0.999956488609314
            },
            {
                "category_id": 2,
                "poly": [
                    148.33139038085938,
                    2042.0909423828125,
                    809.8115844726562,
                    2042.0909423828125,
                    809.8115844726562,
                    2075.607421875,
                    148.33139038085938,
                    2075.607421875
                ],
                "score": 0.9997557997703552
            },
            {
                "category_id": 2,
                "poly": [
                    79.66654968261719,
                    92.61074829101562,
                    1617.316650390625,
                    92.61074829101562,
                    1617.316650390625,
                    183.72354125976562,
                    79.66654968261719,
                    183.72354125976562
                ],
                "score": 0.9993113279342651
            },
            {
                "category_id": 2,
                "poly": [
                    1384.1031494140625,
                    2009.7901611328125,
                    1615.813232421875,
                    2009.7901611328125,
                    1615.813232421875,
                    2087.85009765625,
                    1384.1031494140625,
                    2087.85009765625
                ],
                "score": 0.9986319541931152
            },
            {
                "category_id": 4,
                "poly": [
                    175.78250122070312,
                    538.393310546875,
                    379.28594970703125,
                    538.393310546875,
                    379.28594970703125,
                    747.247802734375,
                    175.78250122070312,
                    747.247802734375
                ],
                "score": 0.9985923767089844
            },
            {
                "category_id": 13,
                "poly": [
                    460,
                    1295,
                    529,
                    1295,
                    529,
                    1326,
                    460,
                    1326
                ],
                "score": 0.48,
                "latex": "\\mathsf{\\Gamma}|\\mathsf{B}\\mathsf{M}^{\\circleddash}"
            }
        ],
        "page_info": {
            "page_no": 6,
            "height": 2200,
            "width": 1700
        }
    },
    {
        "layout_dets": [
            {
                "category_id": 0,
                "poly": [
                    149.38133239746094,
                    271.9066162109375,
                    293.9155578613281,
                    271.9066162109375,
                    293.9155578613281,
                    311.4014892578125,
                    149.38133239746094,
                    311.4014892578125
                ],
                "score": 0.9999994039535522
            },
            {
                "category_id": 1,
                "poly": [
                    147.11402893066406,
                    1455.4661865234375,
                    1554.39990234375,
                    1455.4661865234375,
                    1554.39990234375,
                    1572.8992919921875,
                    147.11402893066406,
                    1572.8992919921875
                ],
                "score": 0.9999915957450867
            },
            {
                "category_id": 3,
                "poly": [
                    206.64483642578125,
                    401.1291809082031,
                    1494.1314697265625,
                    401.1291809082031,
                    1494.1314697265625,
                    1206.5977783203125,
                    206.64483642578125,
                    1206.5977783203125
                ],
                "score": 0.9999894499778748
            },
            {
                "category_id": 2,
                "poly": [
                    148.04196166992188,
                    2043.63916015625,
                    810.210205078125,
                    2043.63916015625,
                    810.210205078125,
                    2073.7626953125,
                    148.04196166992188,
                    2073.7626953125
                ],
                "score": 0.9999769926071167
            },
            {
                "category_id": 2,
                "poly": [
                    77.1353988647461,
                    91.17333984375,
                    1620.08544921875,
                    91.17333984375,
                    1620.08544921875,
                    183.06309509277344,
                    77.1353988647461,
                    183.06309509277344
                ],
                "score": 0.9997425079345703
            },
            {
                "category_id": 2,
                "poly": [
                    1392.530517578125,
                    2010.1820068359375,
                    1613.738037109375,
                    2010.1820068359375,
                    1613.738037109375,
                    2086.102783203125,
                    1392.530517578125,
                    2086.102783203125
                ],
                "score": 0.9979894161224365
            },
            {
                "category_id": 1,
                "poly": [
                    147.02110290527344,
                    341.88726806640625,
                    1277.1806640625,
                    341.88726806640625,
                    1277.1806640625,
                    377.06890869140625,
                    147.02110290527344,
                    377.06890869140625
                ],
                "score": 0.9978870153427124
            },
            {
                "category_id": 1,
                "poly": [
                    147.6525421142578,
                    1291.9188232421875,
                    1469.9140625,
                    1291.9188232421875,
                    1469.9140625,
                    1366.8988037109375,
                    147.6525421142578,
                    1366.8988037109375
                ],
                "score": 0.8059527277946472
            },
            {
                "category_id": 4,
                "poly": [
                    147.64683532714844,
                    1291.6351318359375,
                    1469.5433349609375,
                    1291.6351318359375,
                    1469.5433349609375,
                    1366.79541015625,
                    147.64683532714844,
                    1366.79541015625
                ],
                "score": 0.30157744884490967
            }
        ],
        "page_info": {
            "page_no": 7,
            "height": 2200,
            "width": 1700
        }
    },
    {
        "layout_dets": [
            {
                "category_id": 3,
                "poly": [
                    193.7796630859375,
                    275.5167541503906,
                    1501.451416015625,
                    275.5167541503906,
                    1501.451416015625,
                    1025.9775390625,
                    193.7796630859375,
                    1025.9775390625
                ],
                "score": 0.9999873638153076
            },
            {
                "category_id": 3,
                "poly": [
                    285.2017517089844,
                    1322.58837890625,
                    1361.4913330078125,
                    1322.58837890625,
                    1361.4913330078125,
                    1932.120361328125,
                    285.2017517089844,
                    1932.120361328125
                ],
                "score": 0.9999862909317017
            },
            {
                "category_id": 4,
                "poly": [
                    549.9270629882812,
                    1226.40966796875,
                    1166.4156494140625,
                    1226.40966796875,
                    1166.4156494140625,
                    1310.0230712890625,
                    549.9270629882812,
                    1310.0230712890625
                ],
                "score": 0.9999421834945679
            },
            {
                "category_id": 2,
                "poly": [
                    148.54750061035156,
                    2043.2935791015625,
                    809.89013671875,
                    2043.2935791015625,
                    809.89013671875,
                    2074.593505859375,
                    148.54750061035156,
                    2074.593505859375
                ],
                "score": 0.9999408721923828
            },
            {
                "category_id": 2,
                "poly": [
                    1383.1619873046875,
                    2010.1768798828125,
                    1614.598388671875,
                    2010.1768798828125,
                    1614.598388671875,
                    2085.140869140625,
                    1383.1619873046875,
                    2085.140869140625
                ],
                "score": 0.999485433101654
            },
            {
                "category_id": 2,
                "poly": [
                    79.142822265625,
                    93.55119323730469,
                    1617.2105712890625,
                    93.55119323730469,
                    1617.2105712890625,
                    183.9776153564453,
                    79.142822265625,
                    183.9776153564453
                ],
                "score": 0.9945387840270996
            },
            {
                "category_id": 4,
                "poly": [
                    145.8434295654297,
                    1046.7681884765625,
                    1549.9544677734375,
                    1046.7681884765625,
                    1549.9544677734375,
                    1164.22412109375,
                    145.8434295654297,
                    1164.22412109375
                ],
                "score": 0.8013710975646973
            },
            {
                "category_id": 1,
                "poly": [
                    145.86891174316406,
                    1046.575927734375,
                    1549.208740234375,
                    1046.575927734375,
                    1549.208740234375,
                    1164.162353515625,
                    145.86891174316406,
                    1164.162353515625
                ],
                "score": 0.5118095874786377
            }
        ],
        "page_info": {
            "page_no": 8,
            "height": 2200,
            "width": 1700
        }
    },
    {
        "layout_dets": [
            {
                "category_id": 1,
                "poly": [
                    148.82562255859375,
                    347.4977111816406,
                    1540.322021484375,
                    347.4977111816406,
                    1540.322021484375,
                    464.4741516113281,
                    148.82562255859375,
                    464.4741516113281
                ],
                "score": 0.9999944567680359
            },
            {
                "category_id": 0,
                "poly": [
                    150.174560546875,
                    272.16839599609375,
                    420.30609130859375,
                    272.16839599609375,
                    420.30609130859375,
                    318.53619384765625,
                    150.174560546875,
                    318.53619384765625
                ],
                "score": 0.999994158744812
            },
            {
                "category_id": 1,
                "poly": [
                    149.28721618652344,
                    488.33953857421875,
                    1539.5897216796875,
                    488.33953857421875,
                    1539.5897216796875,
                    892.3140258789062,
                    149.28721618652344,
                    892.3140258789062
                ],
                "score": 0.9999925494194031
            },
            {
                "category_id": 2,
                "poly": [
                    147.80072021484375,
                    2043.0283203125,
                    810.8336791992188,
                    2043.0283203125,
                    810.8336791992188,
                    2073.54345703125,
                    147.80072021484375,
                    2073.54345703125
                ],
                "score": 0.9998860359191895
            },
            {
                "category_id": 2,
                "poly": [
                    79.99851989746094,
                    92.7534408569336,
                    1616.8363037109375,
                    92.7534408569336,
                    1616.8363037109375,
                    183.77308654785156,
                    79.99851989746094,
                    183.77308654785156
                ],
                "score": 0.9996808767318726
            },
            {
                "category_id": 2,
                "poly": [
                    1388.52490234375,
                    2009.4339599609375,
                    1614.83349609375,
                    2009.4339599609375,
                    1614.83349609375,
                    2087.3349609375,
                    1388.52490234375,
                    2087.3349609375
                ],
                "score": 0.9964221715927124
            }
        ],
        "page_info": {
            "page_no": 9,
            "height": 2200,
            "width": 1700
        }
    }
]